feature,importance
tooth_pain,0.2082896784466792
skin_rash,0.20717825777370052
chest_pain,0.19200141024096135
anxiety,0.1489621648291619
fever,0.06813674438128944
shortness_of_breath,0.06284278465277351
low_mood,0.0514359108457739
itching,0.04434191359940408
severity_high,0.003068334558925716
acne,0.0025858687569084294
palpitations,0.002355967677591209
duration_long,0.001960874327420565
dizziness_fainting,0.0016136860529645993
sleep_problem,0.0011834658882144684
panic,0.0009286143372457875
jaw_pain,0.000899331049150633
cough,0.0007744293152125251
body_aches,0.0007648090752719997
headache,0.0005147169511443027
gum_problem,0.00016103724020602645
skin_lesion,0.0
mouth_swelling,0.0
nausea,0.0
stomach_pain,0.0
cardiac_history,0.0
smoker,0.0
